{"entities":{"pages":{"page-01":{"id":"page-01","title":"Introduction","url":"page-01.html","level":0,"pages":["page-01-01","page-01-02","page-01-03"],"tabIndex":0},"page-01-01":{"id":"page-01-01","title":"Fundamentals of a Program","url":"page-01-01.html","level":1,"parentId":"page-01","tabIndex":0},"page-01-02":{"id":"page-01-02","title":"Overview of C","url":"page-01-02.html","level":1,"parentId":"page-01","tabIndex":1},"page-01-03":{"id":"page-01-03","title":"Features of C","url":"page-01-03.html","level":1,"parentId":"page-01","tabIndex":2},"page-02":{"id":"page-02","title":"Installing Required Software","url":"page-02.html","level":0,"pages":["page-02-01","page-02-02","page-02-03"],"tabIndex":1},"page-02-01":{"id":"page-02-01","title":"Setting Up VSCode for Windows","url":"page-02-01.html","level":1,"parentId":"page-02","tabIndex":0},"page-02-02":{"id":"page-02-02","title":"Setting Up VSCode for Ubuntu","url":"page-02-02.html","level":1,"parentId":"page-02","tabIndex":1},"page-02-03":{"id":"page-02-03","title":"Setting Up VSCode for macOS","url":"page-02-03.html","level":1,"parentId":"page-02","tabIndex":2},"page-03":{"id":"page-03","title":"Starting to write code","url":"page-03.html","level":0,"pages":["page-03-01","page-03-02","page-03-03","page-03-04","page-03-05"],"tabIndex":2},"page-03-01":{"id":"page-03-01","title":"Creating Our First C Program","url":"page-03-01.html","level":1,"parentId":"page-03","tabIndex":0},"page-03-02":{"id":"page-03-02","title":"Compiling and Running Your Code","url":"page-03-02.html","level":1,"parentId":"page-03","tabIndex":1},"page-03-03":{"id":"page-03-03","title":"Errors and Warnings","url":"page-03-03.html","level":1,"parentId":"page-03","tabIndex":2},"page-03-04":{"id":"page-03-04","title":"Program: Writing a C Program to Display Your Name","url":"page-03-04.html","level":1,"parentId":"page-03","tabIndex":3},"page-03-05":{"id":"page-03-05","title":"Structure of a C Program","url":"page-03-05.html","level":1,"parentId":"page-03","tabIndex":4},"page-04":{"id":"page-04","title":"Basic Concepts","url":"page-04.html","level":0,"pages":["page-04-01","page-04-02","page-04-03","page-04-04","page-04-05","page-04-06","page-04-07","page-04-08","page-04-09","page-04-10"],"tabIndex":3},"page-04-01":{"id":"page-04-01","title":"Comments in C","url":"page-04-01.html","level":1,"parentId":"page-04","tabIndex":0},"page-04-02":{"id":"page-04-02","title":"Preprocessor in C","url":"page-04-02.html","level":1,"parentId":"page-04","tabIndex":1},"page-04-03":{"id":"page-04-03","title":"The `#include` Statement","url":"page-04-03.html","level":1,"parentId":"page-04","tabIndex":2},"page-04-04":{"id":"page-04-04","title":"Displaying Output","url":"page-04-04.html","level":1,"parentId":"page-04","tabIndex":3},"page-04-05":{"id":"page-04-05","title":"Reading Input from the Terminal","url":"page-04-05.html","level":1,"parentId":"page-04","tabIndex":4},"page-04-06":{"id":"page-04-06","title":"Data Types and Variables","url":"page-04-06.html","level":1,"parentId":"page-04","tabIndex":5},"page-04-07":{"id":"page-04-07","title":"Enums and Chars","url":"page-04-07.html","level":1,"parentId":"page-04","tabIndex":6},"page-04-08":{"id":"page-04-08","title":"Format Specifiers","url":"page-04-08.html","level":1,"parentId":"page-04","tabIndex":7},"page-04-09":{"id":"page-04-09","title":"Command Line Arguments","url":"page-04-09.html","level":1,"parentId":"page-04","tabIndex":8},"page-04-10":{"id":"page-04-10","title":"Program: Calculating the Area of a Triangle","url":"page-04-10.html","level":1,"parentId":"page-04","tabIndex":9},"page-05":{"id":"page-05","title":"Operators","url":"page-05.html","level":0,"pages":["page-05-01","page-05-02","page-05-03","page-05-04","page-05-05","page-05-06"],"tabIndex":4},"page-05-01":{"id":"page-05-01","title":"Basic Operators","url":"page-05-01.html","level":1,"parentId":"page-05","tabIndex":0},"page-05-02":{"id":"page-05-02","title":"Converting Minutes to Years and Days","url":"page-05-02.html","level":1,"parentId":"page-05","tabIndex":1},"page-05-03":{"id":"page-05-03","title":"Bitwise Operators","url":"page-05-03.html","level":1,"parentId":"page-05","tabIndex":2},"page-05-04":{"id":"page-05-04","title":"cast and sizeof Operators","url":"page-05-04.html","level":1,"parentId":"page-05","tabIndex":3},"page-05-05":{"id":"page-05-05","title":"Program: Byte Sizes of Basic Data Types","url":"page-05-05.html","level":1,"parentId":"page-05","tabIndex":4},"page-05-06":{"id":"page-05-06","title":"Operator Precedence","url":"page-05-06.html","level":1,"parentId":"page-05","tabIndex":5},"page-06":{"id":"page-06","title":"Control Flow","url":"page-06.html","level":0,"pages":["page-06-01","page-06-02","page-06-03","page-06-04","page-06-05","page-06-06","page-06-07","page-06-08"],"tabIndex":5},"page-06-01":{"id":"page-06-01","title":"Overview of Control Flow","url":"page-06-01.html","level":1,"parentId":"page-06","tabIndex":0},"page-06-02":{"id":"page-06-02","title":"If-Else Statements","url":"page-06-02.html","level":1,"parentId":"page-06","tabIndex":1},"page-06-03":{"id":"page-06-03","title":"Program: Weekly Pay Calculation","url":"page-06-03.html","level":1,"parentId":"page-06","tabIndex":2},"page-06-04":{"id":"page-06-04","title":"Switch Statement","url":"page-06-04.html","level":1,"parentId":"page-06","tabIndex":3},"page-06-05":{"id":"page-06-05","title":"For Loop","url":"page-06-05.html","level":1,"parentId":"page-06","tabIndex":4},"page-06-06":{"id":"page-06-06","title":"While and Do-While Loops","url":"page-06-06.html","level":1,"parentId":"page-06","tabIndex":5},"page-06-07":{"id":"page-06-07","title":"Nested Loops and Loop Control","url":"page-06-07.html","level":1,"parentId":"page-06","tabIndex":6},"page-06-08":{"id":"page-06-08","title":"Program: Guess the Number","url":"page-06-08.html","level":1,"parentId":"page-06","tabIndex":7},"page-07":{"id":"page-07","title":"Arrays","url":"page-07.html","level":0,"pages":["page-07-01","page-07-02","page-07-03","page-07-04","page-07-05"],"tabIndex":6},"page-07-01":{"id":"page-07-01","title":"Introduction to Arrays","url":"page-07-01.html","level":1,"parentId":"page-07","tabIndex":0},"page-07-02":{"id":"page-07-02","title":"Program: Prime Number Generator","url":"page-07-02.html","level":1,"parentId":"page-07","tabIndex":1},"page-07-03":{"id":"page-07-03","title":"Multidimensional Arrays","url":"page-07-03.html","level":1,"parentId":"page-07","tabIndex":2},"page-07-04":{"id":"page-07-04","title":"Program: simple Weather Program","url":"page-07-04.html","level":1,"parentId":"page-07","tabIndex":3},"page-07-05":{"id":"page-07-05","title":"Variable Length Arrays (VLAs)","url":"page-07-05.html","level":1,"parentId":"page-07","tabIndex":4},"page-08":{"id":"page-08","title":"Functions","url":"page-08.html","level":0,"pages":["page-08-01","page-08-02","page-08-03","page-08-04","page-08-05","page-08-06","page-08-07"],"tabIndex":7},"page-08-01":{"id":"page-08-01","title":"Overview of Functions","url":"page-08-01.html","level":1,"parentId":"page-08","tabIndex":0},"page-08-02":{"id":"page-08-02","title":"Defining Functions","url":"page-08-02.html","level":1,"parentId":"page-08","tabIndex":1},"page-08-03":{"id":"page-08-03","title":"Arguments and Parameters","url":"page-08-03.html","level":1,"parentId":"page-08","tabIndex":2},"page-08-04":{"id":"page-08-04","title":"Returning Data from Functions","url":"page-08-04.html","level":1,"parentId":"page-08","tabIndex":3},"page-08-05":{"id":"page-08-05","title":"Variable Scoping","url":"page-08-05.html","level":1,"parentId":"page-08","tabIndex":4},"page-08-06":{"id":"page-08-06","title":"Program: Tic Tac Toe Game","url":"page-08-06.html","level":1,"parentId":"page-08","tabIndex":5},"page-08-07":{"id":"page-08-07","title":"Recursion","url":"page-08-07.html","level":1,"parentId":"page-08","tabIndex":6},"page-09":{"id":"page-09","title":"Strings","url":"page-09.html","level":0,"pages":["page-09-01","page-09-02","page-09-03","page-09-04","page-09-05","page-09-06","page-09-07"],"tabIndex":8},"page-09-01":{"id":"page-09-01","title":"Character Strings Overview","url":"page-09-01.html","level":1,"parentId":"page-09","tabIndex":0},"page-09-02":{"id":"page-09-02","title":"Defining a String","url":"page-09-02.html","level":1,"parentId":"page-09","tabIndex":1},"page-09-03":{"id":"page-09-03","title":"Constant Strings in C","url":"page-09-03.html","level":1,"parentId":"page-09","tabIndex":2},"page-09-04":{"id":"page-09-04","title":"Common String Functions","url":"page-09-04.html","level":1,"parentId":"page-09","tabIndex":3},"page-09-05":{"id":"page-09-05","title":"Program: Bubble Sort","url":"page-09-05.html","level":1,"parentId":"page-09","tabIndex":4},"page-09-06":{"id":"page-09-06","title":"Searching, Tokenizing, and Analyzing Strings","url":"page-09-06.html","level":1,"parentId":"page-09","tabIndex":5},"page-09-07":{"id":"page-09-07","title":"Converting Strings","url":"page-09-07.html","level":1,"parentId":"page-09","tabIndex":6},"page-10":{"id":"page-10","title":"Debugging","url":"page-10.html","level":0,"pages":["page-10-01","page-10-02","page-10-03","page-10-04","page-10-05"],"tabIndex":9},"page-10-01":{"id":"page-10-01","title":"Debugging Overview","url":"page-10-01.html","level":1,"parentId":"page-10","tabIndex":0},"page-10-02":{"id":"page-10-02","title":"What is Debugging","url":"page-10-02.html","level":1,"parentId":"page-10","tabIndex":1},"page-10-03":{"id":"page-10-03","title":"Understanding the Call Stack","url":"page-10-03.html","level":1,"parentId":"page-10","tabIndex":2},"page-10-04":{"id":"page-10-04","title":"Common C Mistakes","url":"page-10-04.html","level":1,"parentId":"page-10","tabIndex":3},"page-10-05":{"id":"page-10-05","title":"Understanding Compiler Errors","url":"page-10-05.html","level":1,"parentId":"page-10","tabIndex":4},"page-11":{"id":"page-11","title":"Pointer","url":"page-11.html","level":0,"pages":["page-11-01","page-11-02","page-11-03","page-11-04","page-11-05","page-11-06","page-11-07","page-11-08","page-11-09","page-11-10"],"tabIndex":10},"page-11-01":{"id":"page-11-01","title":"Pointer Overview","url":"page-11-01.html","level":1,"parentId":"page-11","tabIndex":0},"page-11-02":{"id":"page-11-02","title":"Defining Pointers","url":"page-11-02.html","level":1,"parentId":"page-11","tabIndex":1},"page-11-03":{"id":"page-11-03","title":"Accessing Pointers","url":"page-11-03.html","level":1,"parentId":"page-11","tabIndex":2},"page-11-04":{"id":"page-11-04","title":"Program: Pointer Demonstration","url":"page-11-04.html","level":1,"parentId":"page-11","tabIndex":3},"page-11-05":{"id":"page-11-05","title":"Pointers and Const","url":"page-11-05.html","level":1,"parentId":"page-11","tabIndex":4},"page-11-06":{"id":"page-11-06","title":"Void Pointers","url":"page-11-06.html","level":1,"parentId":"page-11","tabIndex":5},"page-11-07":{"id":"page-11-07","title":"String Pointers","url":"page-11-07.html","level":1,"parentId":"page-11","tabIndex":6},"page-11-08":{"id":"page-11-08","title":"Array Pointers","url":"page-11-08.html","level":1,"parentId":"page-11","tabIndex":7},"page-11-09":{"id":"page-11-09","title":"Utilizing Pointers with Functions","url":"page-11-09.html","level":1,"parentId":"page-11","tabIndex":8},"page-11-10":{"id":"page-11-10","title":"Pointer Arithmetic","url":"page-11-10.html","level":1,"parentId":"page-11","tabIndex":9},"page-12":{"id":"page-12","title":"Dynamic Memory Allocation","url":"page-12.html","level":0,"pages":["page-12-01","page-12-02","page-12-03"],"tabIndex":11},"page-12-01":{"id":"page-12-01","title":"Overview","url":"page-12-01.html","level":1,"parentId":"page-12","tabIndex":0},"page-12-02":{"id":"page-12-02","title":"`malloc`, `calloc`, and `realloc`","url":"page-12-02.html","level":1,"parentId":"page-12","tabIndex":1},"page-12-03":{"id":"page-12-03","title":"Program: User Input String","url":"page-12-03.html","level":1,"parentId":"page-12","tabIndex":2},"page-13":{"id":"page-13","title":"Structure","url":"page-13.html","level":0,"pages":["page-13-01","page-13-02","page-13-03","page-13-04","page-13-05","page-13-06"],"tabIndex":12},"page-13-01":{"id":"page-13-01","title":"Structures Overview","url":"page-13-01.html","level":1,"parentId":"page-13","tabIndex":0},"page-13-02":{"id":"page-13-02","title":"Structures and Arrays","url":"page-13-02.html","level":1,"parentId":"page-13","tabIndex":1},"page-13-03":{"id":"page-13-03","title":"Nested Structures","url":"page-13-03.html","level":1,"parentId":"page-13","tabIndex":2},"page-13-04":{"id":"page-13-04","title":"Structures and Pointers","url":"page-13-04.html","level":1,"parentId":"page-13","tabIndex":3},"page-13-05":{"id":"page-13-05","title":"Structures and Functions","url":"page-13-05.html","level":1,"parentId":"page-13","tabIndex":4},"page-13-06":{"id":"page-13-06","title":"Program: Structure pointers and Functions","url":"page-13-06.html","level":1,"parentId":"page-13","tabIndex":5},"page-14":{"id":"page-14","title":"File Input and Output","url":"page-14.html","level":0,"pages":["page-14-01","page-14-02","page-14-03","page-14-04","page-14-05","page-14-06","page-14-07","page-14-08"],"tabIndex":13},"page-14-01":{"id":"page-14-01","title":"Overview","url":"page-14-01.html","level":1,"parentId":"page-14","tabIndex":0},"page-14-02":{"id":"page-14-02","title":"Accessing Files","url":"page-14-02.html","level":1,"parentId":"page-14","tabIndex":1},"page-14-03":{"id":"page-14-03","title":"Reading from a File","url":"page-14-03.html","level":1,"parentId":"page-14","tabIndex":2},"page-14-04":{"id":"page-14-04","title":"Program: Finding the Total Number of Lines in a Text File","url":"page-14-04.html","level":1,"parentId":"page-14","tabIndex":3},"page-14-05":{"id":"page-14-05","title":"Writing to a Text File","url":"page-14-05.html","level":1,"parentId":"page-14","tabIndex":4},"page-14-06":{"id":"page-14-06","title":"Program: Converting Characters in a File to Uppercase","url":"page-14-06.html","level":1,"parentId":"page-14","tabIndex":5},"page-14-07":{"id":"page-14-07","title":"Finding Your Position in a File","url":"page-14-07.html","level":1,"parentId":"page-14","tabIndex":6},"page-14-08":{"id":"page-14-08","title":"Program: Printing the Contents of a File in Reverse Order","url":"page-14-08.html","level":1,"parentId":"page-14","tabIndex":7},"page-15":{"id":"page-15","title":"The Standard C Library","url":"page-15.html","level":0,"pages":["page-15-01","page-15-02","page-15-03","page-15-04"],"tabIndex":14},"page-15-01":{"id":"page-15-01","title":"Overview","url":"page-15-01.html","level":1,"parentId":"page-15","tabIndex":0},"page-15-02":{"id":"page-15-02","title":"Various Functions in C","url":"page-15-02.html","level":1,"parentId":"page-15","tabIndex":1},"page-15-03":{"id":"page-15-03","title":"Math Functions in C","url":"page-15-03.html","level":1,"parentId":"page-15","tabIndex":2},"page-15-04":{"id":"page-15-04","title":"Utility Functions in C","url":"page-15-04.html","level":1,"parentId":"page-15","tabIndex":3}}},"topLevelIds":["page-01","page-02","page-03","page-04","page-05","page-06","page-07","page-08","page-09","page-10","page-11","page-12","page-13","page-14","page-15"]}